Ticker,Navn,Siste,endring,Kjøper,Selger,Tid,Omsatt (MNOK),Ant. handler,Markedsverdi (MNOK),,,,
2020,2020 Bulkers,"55,4","−5,14%","55,4",56,16:11,,,,,"0,7",57,"1 228,27"
FIVEPG,5th Planet Games,"1,05","−2,78%","1,05","1,08",16:25,,,,,"0,97",189,"111,63"
AASB-ME,Aasen Sparebank,126,-,121,128,09:04,,,,,"0,03",3,"127,75"
ASC,ABG Sundal Collier Holding,"5,03","−3,64%","5,03","5,05",16:25,,,,,"3,85",366,"2 222,05"
ADE,Adevinta,"150,9","−1,50%","150,9",151,16:25,,,,,"71,85",2843,"103 350,85"
ADSC-ME,ADS Crude Carriers,"20,8","−2,80%","20,8",21,16:25,,,,,"2,9",133,"486,52"
AEGA,Aega,"1,7","−5,56%","1,66","1,7",16:25,,,,,"0,78",110,"81,69"
AFG,AF Gruppen,151,"0,00%",151,"151,4",16:25,,,,,"4,35",250,"16 005,77"
AGLX-ME,Agilyx,"22,8","0,00%","21,6","22,8",16:25,,,,,"1,95",116,"1 645,68"
AKA,Akastor,"7,12","−3,00%",7,"7,12",16:25,,,,,"2,62",168,"1 933,86"
AKER,Aker,"360,4","−3,48%",360,"360,4",16:25,,,,,"53,14",1852,"26 767,90"
AKBM-ME,Aker BioMarine,"78,2","−2,32%","78,2",79,16:25,,,,,"5,11",514,"6 849,23"
AKERBP,Aker BP,"142,4","−3,95%","142,35","142,4",16:25,,,,,"164,58",5033,"51 279,69"
ACC-ME,Aker Carbon Capture,"7,16","−0,56%","7,05","7,16",16:25,,,,,"26,71",1778,"4 052,99"
AOW-ME,Aker Offshore Wind Holding,"3,43","−7,65%","3,43","3,47",16:25,,,,,"15,12",1312,"2 096,98"
AKSO,Aker Solutions,"8,5","−4,55%","8,5","8,5",16:25,,,,,"51,34",2763,"2 310,15"
AKVA,AKVA Group,70,"0,29%","68,4",70,16:25,,,,,"0,92",63,"2 316,47"
AMSC,American Shipping Company,"26,65","−1,30%","26,65","27,3",16:25,,,,,"1,43",144,"1 615,43"
ANDF-ME,Andfjord Salmon,"40,2","−7,59%","40,2","41,2",16:25,,,,,"3,11",71,"1 354,77"
ABT,Aqua Bio Technology,"4,76","−7,57%","4,6","4,76",16:25,,,,,"0,35",67,"87,52"
AQUA,AqualisBraemar,"5,65","−3,42%","5,35","5,6",15:52,,,,,"0,18",29,"397,29"
ARCHER,Archer,"2,16","−5,90%","2,11","2,16",16:25,,,,,"0,58",73,"318,8"
AZT,ArcticZymes Technologies,"52,6","−1,87%","52,6",53,16:25,,,,,"25,14",1477,"2 542,40"
ARCUS,Arcus,40,"−5,21%",40,"40,7",16:25,,,,,"4,24",484,"2 712,03"
AFK,Arendals Fossekompani,"3 800,00","8,57%","3 800,00","3 820,00",16:25,,,,,"7,63",292,"8 319,79"
ARR,Arribatec Solutions,"1,84","−5,88%","1,84","1,86",16:25,,,,,"0,53",81,"165,43"
ASETEK,Asetek,"73,7","−7,64%","73,7","73,9",16:25,,,,,"5,01",302,"1 886,24"
ATEA,Atea,"107,8","−4,94%","107,6","107,8",16:25,,,,,"7,07",636,"11 868,24"
ATLA NOK,Atlantic Petroleum,"4,61",-,"4,6","5,58",10:53,,,,,"0,02",12,"17,05"
ASA,Atlantic Sapphire,"86,2","−2,05%",86,"86,2",16:25,,,,,"36,25",927,"6 910,10"
AURG,Aurskog Sparebank,198,"−1,98%",198,200,14:18,,,,,"0,94",10,"636,41"
AUSS,Austevoll Seafood,"63,8","−3,48%","63,8","63,85",16:25,,,,,"22,03",1540,"12 876,38"
AVANCE,Avance Gas Holding,"26,22","−5,68%","26,1","26,22",16:25,,,,,"22,33",1016,"1 669,07"
AWDR,Awilco Drilling,"2,37","0,00%","2,28","2,38",16:07,,,,,"0,06",21,"129,36"
ALNG,Awilco LNG,"1,18","−6,72%","1,17","1,18",15:32,,,,,"0,54",98,"156,41"
AXA,Axactor,"7,35","−5,41%","7,35","7,41",16:25,,,,,"20,7",1618,"1 362,66"
AGS,Axxis Geo Solutions,"0,5","−6,72%","0,49","0,51",16:19,,,,,"0,18",52,"29,41"
AYFIE-ME,ayfie Group,"1,55","−4,32%","1,52","1,55",16:25,,,,,"0,19",24,"171,91"
B2H,B2Holding,"6,42","−7,36%","6,42","6,55",16:25,,,,,"13,77",793,"2 631,77"
BAKKA,Bakkafrost,545,"−5,30%","544,5",545,16:25,,,,,"76,4",1478,"32 177,22"
BALT-ME,Baltic Sea Properties,55,"1,85%","45,2",60,15:30,,,,,"0,28",5,"366,73"
BEL,Belships,"5,8","−1,69%","5,8","5,9",15:08,,,,,"0,03",4,"1 320,24"
BGBIO,BerGenBio,"25,65","−3,75%","25,55","25,65",16:25,,,,,"20,17",1242,"2 238,22"
BEWI-ME,BEWi,"21,4","−3,60%","21,4","21,9",13:44,,,,,"10,61",8,"3 080,39"
BSP-ME,Black Sea Property,"2,16",-,"1,96","2,14",26 okt.,,,,,0,0,"35,95"
BON,Bonheur,196,"−0,91%",196,"196,2",16:25,,,,,"14,16",376,"8 336,25"
BOR,Borgestad,"14,4","0,70%","14,2","14,4",15:07,,,,,"0,3",12,"183,12"
BDRILL,Borr Drilling,"3,7","−3,04%","3,7","3,74",16:25,,,,,"2,94",327,"772,78"
BRG,Borregaard,"124,2","−2,36%","123,4","124,2",16:25,,,,,"18,18",720,"12 372,22"
BOUVET,Bouvet,580,"−6,45%",580,588,16:25,,,,,"3,22",200,"5 944,73"
BRA-ME,BRAbank,"5,62","−6,64%","5,62",6,16:02,,,,,"0,04",11,"532,73"
BWE,BW Energy Limited,"14,12","−3,62%","13,85","14,12",16:25,,,,,"3,8",433,"3 308,38"
BWLPG,BW LPG,"40,1","−6,57%","40,1","40,3",16:25,,,,,"29,39",1915,"5 537,68"
BWO,BW Offshore Limited,"22,44","−3,86%","22,44","22,46",16:25,,,,,"15,81",1176,"4 057,15"
BMA,Byggma,111,"0,00%",111,115,16:19,,,,,"0,02",6,"774,99"
CARA,Carasent,23,"−9,80%",23,"23,5",16:25,,,,,"7,21",602,"1 214,95"
CLOUD-ME,Cloudberry Clean Energy,10,"−9,09%","9,91",10,16:25,,,,,"1,84",138,"571,6"
COV,ContextVision,16,"−7,25%","15,9",16,16:25,,,,,"3,73",276,"1 237,88"
CRAYON,Crayon Group Holding,"103,8","−8,14%","103,6","103,8",16:25,,,,,"55,01",2093,"8 431,73"
CSAM-ME,CSAM Health Group,"76,15","−5,05%","76,15","77,6",16:25,,,,,"1,35",234,"1 591,93"
DNB,DNB,"127,45","−4,28%","127,45","127,9",16:25,,,,,"423,28",6114,"197 594,02"
DNO,DNO,"4,08","−6,74%","4,08","4,08",16:25,,,,,"17,74",1223,"3 979,77"
DOF,DOF,"0,38","−0,52%","0,38","0,39",16:07,,,,,"0,17",72,"116,95"
EAM,EAM Solar,"12,9","−10,73%","12,6","12,9",16:16,,,,,"0,69",71,"88,39"
EIOF,Eidesvik Offshore,"2,78","10,32%","2,78","2,84",16:25,,,,,"0,05",17,"172,78"
EMGS,Electromagnetic Geoservices,"0,64","0,79%","0,62","0,64",15:39,,,,,"0,18",41,"83,82"
ELE,Element,"3,95","−1,50%","3,75","3,9",16:06,,,,,"0,38",59,"74,56"
ELK,Elkem,"18,8","−10,31%","18,8","18,9",16:25,,,,,"65,85",3357,"10 928,63"
ELABS-ME,Elliptic Laboratories,117,"0,00%",117,"117,8",16:25,,,,,"1,61",113,"1 121,40"
ELOP-ME,ELOP,"5,7","−3,08%","5,5","5,7",16:25,,,,,"1,32",85,"400,66"
ENDUR,Endúr,"1,33","−6,34%","1,33","1,33",16:25,,,,,"2,91",174,"662,49"
ENTRA,Entra,121,"−3,20%",121,"121,1",16:25,,,,,"51,16",1693,"22 025,21"
EPIC-ME,Epic Gas,"14,3",-,"12,9","13,7",14 okt.,,,,,0,0,"1 524,61"
EQNR,Equinor,"120,7","−2,70%","120,7","120,75",16:25,,,,,"492,87",10740,"391 908,29"
EPR,Europris,"45,96","−2,17%","45,8","45,96",16:25,,,,,"27,57",1191,"7 621,02"
EFUEL-ME,Everfuel,-,-,-,-,-,,,,,0,0,-
EXTX-ME,EXACT Therapeutics,"26,5",-,"26,5","29,9",16:18,,,,,"0,04",7,"794,15"
FJORD,Fjord1,"42,6","−0,93%","42,6",43,16:25,,,,,"0,38",27,"4 255,45"
FKRAFT,Fjordkraft Holding,"75,5","−4,91%","75,5","75,7",16:25,,,,,"12,89",766,"8 628,28"
FLNG,FLEX LNG,"61,2","−4,23%","61,2",62,16:25,,,,,"9,82",722,"3 311,57"
FRO,Frontline,"51,9","−7,24%","51,9",52,16:25,,,,,"38,45",1923,"10 260,23"
GIG,Gaming Innovation Group,"7,29","−8,65%","7,18","7,3",16:19,,,,,"1,18",88,"650,92"
RISH,GC Rieber Shipping,"5,3","−6,19%","5,3","5,55",15:28,,,,,0,2,"455,97"
GENT-ME,Gentian Diagnostics,62,"−4,62%",60,62,16:25,,,,,"0,89",45,"954,97"
GJF,Gjensidige Forsikring,"182,3","−2,41%","182,3","182,4",16:25,,,,,"80,94",2129,"91 147,85"
GEOS-ME,Golden Energy Offshore Services,"0,8","14,29%","0,67","0,8",16:12,,,,,"0,07",18,"36,54"
GOGL,Golden Ocean Group,"31,16","−5,52%","31,16","31,3",16:25,,,,,"35,51",1298,"4 464,53"
GOD,Goodtech,"9,1","−4,71%","9,1","9,4",16:25,,,,,"4,26",265,"205,79"
GSF,Grieg Seafood,"66,3","−2,86%","66,2","66,3",16:25,,,,,"34,14",1794,"7 321,75"
GRONG-ME,Grong Sparebank,118,-,114,115,27 okt.,,,,,0,0,"350,75"
GYL,Gyldendal,456,-,448,484,27 okt.,,,,,0,0,"1 052,05"
HAFNIA,Hafnia Limited,14,"−0,14%",14,"14,04",16:25,,,,,"5,31",192,"5 081,94"
HAVI,Havila Shipping,"2,34","−0,43%","2,32","2,34",16:16,,,,,"0,04",17,"55,64"
HYARD,Havyard Group,"5,52","−16,62%","5,52","5,56",16:25,,,,,"5,51",421,"136,49"
HELG,Helgeland Sparebank,80,"−1,23%","78,5","80,5",15:53,,,,,"1,51",24,"1 665,84"
HEX,Hexagon Composites,"41,14","−9,30%","41,14","41,32",16:25,,,,,"33,05",1530,"8 218,46"
HBC,Hofseth BioCare,"7,86","0,77%","7,54","7,66",15:45,,,,,"0,41",22,"2 789,48"
HOC-ME,House of Control Group,"15,2","−8,98%","14,95","15,49",16:25,,,,,"2,9",92,"865,08"
HUNT,Hunter Group,"3,04","−3,95%","3,04","3,09",16:25,,,,,"5,4",416,"1 749,10"
HYPRO-ME,HydrogenPro,"27,8","−4,14%","26,01","27,8",16:25,,,,,"2,81",161,"1 558,73"
HLNG,Höegh LNG Holdings,11,"−5,98%","10,82","11,02",16:09,,,,,"0,28",45,"837,98"
HSPG,Høland og Setskog Sparebank,115,-,112,115,23 okt.,,,,,0,0,"79,11"
IFISH-ME,Ice Fish Farm,"38,34","−6,94%","38,34","38,7",16:25,,,,,"1,29",134,"2 070,36"
ICE,Ice Group,"16,2","0,00%","16,2","16,3",16:16,,,,,"1,39",107,"3 270,68"
ISLAX-ME,Icelandic Salmon,100,"−9,09%","99,5",100,16:25,,,,,"1,75",59,"3 096,19"
IDEX,IDEX Biometrics,"1,55","−15,58%","1,55","1,56",16:25,,,,,"18,14",1497,"1 221,54"
INDUCT-ME,Induct,8,"−11,11%","7,7",8,16:25,,,,,"0,19",24,"99,81"
INFRNT,Infront,"17,5","−4,89%","17,5","17,9",16:25,,,,,"0,37",46,"759,94"
INSR,Insr Insurance Group,"0,66","−5,71%","0,65","0,66",16:15,,,,,"0,25",59,"97,79"
INSTA-ME,Instabank,"1,22","8,93%","1,12","1,22",15:42,,,,,"0,62",10,"405,82"
IOX,Interoil Exploration and Production,"1,14","−3,07%","1,12","1,14",16:25,,,,,"0,3",59,"178,8"
ITE,Itera,"13,25","−2,21%","13,2","13,25",16:25,,,,,"0,42",38,"1 072,16"
JPK-ME,J.P. Kenny Petroleum,"6,1",-,-,4,16 jul.,,,,,0,0,"64,95"
JIN,Jinhui Shipping and Transportation,"3,37","4,01%","3,12","3,37",16:25,,,,,"0,64",82,"368,2"
JAEREN,Jæren Sparebank,155,"0,00%",151,157,15:04,,,,,"0,01",4,"764,53"
KAHOOT-ME,Kahoot!,"57,5","−4,01%","57,5","57,9",16:25,,,,,"71,62",2393,"25 600,89"
KAL-ME,Kalera,22,-,22,"22,3",16:25,,,,,"101,96",6197,"3 542,53"
KID,Kid,"83,4","−4,58%","83,2","83,4",16:25,,,,,"9,08",545,"3 389,81"
KIT,Kitron,"16,6","0,24%","16,6","16,66",16:25,,,,,"10,49",807,"2 973,13"
KCC,Klaveness Combination Carriers,"30,6","−1,29%",30,"30,6",16:03,,,,,"0,15",3,"1 468,40"
KOMP,Komplett Bank,"6,42","−4,89%","6,37","6,44",16:19,,,,,"2,19",146,"1 197,57"
KOA,Kongsberg Automotive,"0,17","−2,17%","0,17","0,17",16:25,,,,,"27,42",1839,"1 801,62"
KOG,Kongsberg Gruppen,"138,6","−4,41%","138,6","139,4",16:25,,,,,26,978,"24 946,16"
KVAER,Kværner,"6,93","−1,56%","6,93","6,95",16:25,,,,,"12,15",899,"1 864,17"
LAVO-ME,Lavo.tv,"0,01","−18,52%","0,01","0,01",16:10,,,,,"0,02",35,"2,33"
LSG,Lerøy Seafood Group,"44,54","−3,38%","44,54","44,56",16:25,,,,,"51,7",2777,"26 522,50"
LIFE-ME,Lifecare,"5,45","−3,54%","5,4","5,5",16:25,,,,,"3,93",255,"442,97"
LSTSB-ME,Lillestrøm Sparebank,132,-,128,132,26 okt.,,,,,0,0,132
LINK,Link Mobility Group Holding,"52,3","−4,60%","52,3",53,16:25,,,,,"18,3",499,"13 984,95"
MGN,Magnora,"16,25","−6,61%",16,"16,25",16:25,,,,,"4,97",386,"853,3"
MSEIS,Magseis Fairfield,"1,3","−5,80%","1,29","1,3",16:25,,,,,"1,31",139,"346,8"
MEDI,Medistim,200,"−9,09%",200,201,16:25,,,,,"4,39",247,"3 640,17"
MELG,Melhus Sparebank,140,"−2,10%",139,140,15:11,,,,,"0,21",9,"388,55"
MRCEL-ME,Mercell Holding,"9,2","−7,07%","9,2","9,21",16:25,,,,,"4,48",87,"2 666,09"
MNTR-ME,Mintra Holding,"6,48","−2,70%","6,1","6,48",16:25,,,,,"5,16",235,"1 204,84"
MOWI,Mowi,151,"−2,86%","150,95",151,16:25,,,,,"211,21",5057,"78 083,77"
MPCC,MPC Container Ships,"2,6","−7,14%","2,6","2,61",16:25,,,,,"1,52",185,"1 024,15"
MULTI,Multiconsult,94,"−1,05%",94,"94,5",16:25,,,,,"1,88",44,"2 528,21"
NAPA,Napatech,"10,56","−8,01%","10,46","10,56",16:25,,,,,"6,41",610,"877,09"
NATTO,NattoPharma,"15,5","−4,91%","15,5","15,8",16:15,,,,,"0,45",33,"302,76"
NAVA,Navamedic,"17,9","−1,10%","17,5","17,9",11:52,,,,,"0,01",2,"273,72"
NKR,Nekkar,"4,6","−7,07%","4,56","4,6",16:25,,,,,"3,4",240,"485,82"
NEL,NEL,"16,52","−6,59%","16,52","16,53",16:25,,,,,"259,57",7015,"23 237,38"
NEXT,NEXT Biometrics Group,2,"−4,76%","1,95",2,16:07,,,,,"0,46",75,"151,89"
NISB-ME,Nidaros Sparebank,94,-,"92,5",96,27 okt.,,,,,0,0,"105,19"
NORBIT,NORBIT,15,"−1,96%","14,8",15,16:25,,,,,"0,78",48,"851,8"
NCOD-ME,Norcod,"60,5","−8,62%","60,31","60,5",16:25,,,,,"12,82",593,"1 030,38"
NOM,Nordic Mining,"1,68","−4,55%","1,68","1,69",16:25,,,,,"0,74",80,"331,79"
NANO,Nordic Nanovector,13,"−3,70%","12,85",13,16:25,,,,,"6,54",446,"1 032,08"
NOD,Nordic Semiconductor,"96,8","−3,20%","96,75","96,8",16:25,,,,,"131,15",2998,"18 485,14"
NHY,Norsk Hydro,"26,76","−2,05%","26,76","26,77",16:25,,,,,"249,44",5581,"54 834,58"
NSKOG,Norske Skog,"24,3","−4,71%","24,1","24,3",16:25,,,,,"2,91",257,"2 004,75"
NORTH,North Energy,"1,83","−5,43%","1,83","1,9",16:25,,,,,"0,34",53,"214,57"
NODL,Northern Drilling,4,"−7,19%",4,"4,07",16:25,,,,,"0,08",18,"64,53"
NOL,Northern Ocean Ltd.,"4,93","−3,33%","4,9","4,93",16:25,,,,,"0,66",114,"314,55"
NRS,Norway Royal Salmon,196,"−4,58%",196,"197,7",16:25,,,,,"9,58",666,"8 412,08"
NAS,Norwegian Air Shuttle,"0,61","−11,21%","0,61","0,61",16:25,,,,,"22,26",3834,"2 254,57"
NOR,Norwegian Energy Company,127,"0,79%",123,127,16:25,,,,,"0,46",58,"3 062,08"
NOFI,Norwegian Finans Holding,"65,25","−6,12%","65,25","65,3",16:25,,,,,"78,1",3540,"12 181,83"
NPRO,Norwegian Property,11,"0,92%",11,"11,1",16:25,,,,,"0,87",43,"6 502,14"
NRC,NRC Group,"18,8","−4,18%","18,74",19,16:25,,,,,"1,55",168,"1 371,04"
NTS,NTS,75,"−2,60%",75,"76,5",15:54,,,,,"0,15",15,"8 945,42"
OBSERV,Observe Medical,12,"−13,36%","11,7",12,16:25,,,,,"0,12",29,"235,27"
OSUN-ME,Ocean Sun,"14,94","5,20%","14,65","14,94",16:25,,,,,"1,4",98,"672,09"
OCY,Ocean Yield,21,"−1,64%","20,9",21,16:25,,,,,"7,24",526,"3 677,36"
OTS,Oceanteam,"3,01","0,00%","2,9","3,02",16:09,,,,,"0,12",25,"102,97"
ODL,Odfjell Drilling,"9,84","−3,53%","9,82","9,84",16:25,,,,,"8,9",555,"2 329,95"
ODF,Odfjell ser. A,"21,5","−3,15%","21,1","21,5",15:41,,,,,"0,13",11,"1 290,44"
ODFB,Odfjell ser. B,21,"−1,87%","20,8","21,4",15:30,,,,,"0,01",2,"393,88"
OHT-ME,OHT,"16,25","−2,11%",16,"16,25",16:12,,,,,"0,21",23,"1 963,78"
OKEA,OKEA,"7,18","−3,23%","6,84","7,18",16:25,,,,,"0,32",91,"735,97"
OET,Okeanis Eco Tankers,"51,6","−3,73%","51,4","51,6",16:25,,,,,"2,44",154,"1 683,50"
OLT,Olav Thon Eiendomsselskap,"130,5","−2,61%","130,5",133,16:25,,,,,"3,26",63,"13 522,82"
ORK,Orkla,"86,92","−2,69%","86,92","87,06",16:25,,,,,"143,52",4712,"87 000,38"
OTELLO,Otello Corporation,18,"−4,00%",18,"18,05",16:25,,,,,"10,91",856,"2 476,03"
PEN,Panoro Energy,"8,75","−9,33%","8,75","8,9",16:25,,,,,"6,83",503,"600,54"
PARB,Pareto Bank,"37,4","−2,35%","37,4","37,5",16:25,,,,,"3,92",230,"2 612,45"
PSKY-ME,PatientSky Group,"8,35","−3,68%","8,05","8,35",16:25,,,,,"2,59",235,"1 451,75"
PCIB,PCI Biotech Holding,"20,35","−9,76%","20,35","20,6",16:25,,,,,"8,86",611,"759,59"
PSE,Petrolia,"5,55","−9,02%","5,45","5,55",16:25,,,,,"0,42",57,"328,19"
PNOR,PetroNor E&P Limited,"1,41","−5,50%","1,4","1,4",16:01,,,,,"0,78",117,"1 368,10"
PEXIP,Pexip Holding,"64,8","−8,25%","64,25","64,8",16:25,,,,,"44,79",2298,"6 580,34"
PGS,PGS,"2,5","−5,34%","2,49","2,5",16:25,,,,,"6,45",703,"967,63"
PHLY,Philly Shipyard,"54,8","−2,14%","53,2","54,8",16:19,,,,,"0,82",66,"663,51"
PHO,Photocure,"75,8","−5,96%","75,5","75,8",16:25,,,,,"29,86",1161,"2 017,17"
PPG PREF,Pioneer Property Group,"98,5","0,00%","98,5",99,15:26,,,,,"1,25",23,"479,55"
PMG-ME,Play Magnus,13,"−5,80%",13,"13,28",16:25,,,,,"1,31",114,"677,74"
PLCS,Polarcus,"0,24","−1,05%","0,23","0,23",15:59,,,,,"0,22",135,"120,74"
POL,Polaris Media,"43,8","−5,19%","43,6","45,6",15:55,,,,,"0,14",7,"2 135,84"
PLT,poLight,57,"−5,00%","56,7",57,16:25,,,,,"10,66",464,"515,78"
PRS,Prosafe,1,"−2,91%",1,"1,04",16:25,,,,,"0,15",46,"82,46"
PROTCT,Protector Forsikring,"44,6","−3,88%","44,6",45,16:25,,,,,"5,29",432,"3 652,13"
QFR,Q-Free,"4,7","4,44%","4,7","4,8",16:25,,,,,"2,86",250,"419,35"
QFUEL-ME,Quantafuel,"39,2","4,26%",39,"39,2",16:25,,,,,"77,32",2823,"5 284,95"
QEC,Questerre Energy Corporation,"0,72","−7,34%","0,72","0,73",16:25,,,,,"0,51",83,"308,09"
RAKP,RAK Petroleum,"4,5","−10,00%","4,5","4,81",15:17,,,,,"0,06",10,"875,18"
REACH,Reach Subsea,"1,6","−6,43%","1,53","1,63",16:17,,,,,"0,31",44,"229,67"
REC,REC Silicon,"10,15","2,11%","10,15","10,17",16:25,,,,,"123,9",4641,"3 124,19"
RIVER-ME,River iGaming,"15,9",-,"14,1","15,3",27 okt.,,,,,0,0,"302,37"
ROM,RomReal,"1,69","−1,17%","1,69","1,84",13:28,,,,,0,2,"69,83"
ROMSB-ME,Romsdal Sparebank,114,-,111,114,14:44,,,,,0,2,"223,98"
SDSD,S.D. Standard Drilling,"0,69","−3,08%","0,69","0,71",16:25,,,,,"2,5",141,"398,61"
SAGA,Saga Tankers,"1,17","−2,50%","1,17","1,18",16:25,,,,,"2,96",275,"311,4"
SALM,SalMar,"474,3","−0,96%","474,3","474,4",16:25,,,,,"76,67",2377,"53 559,31"
SALME-ME,Salmon Evolution Holding,"5,06","−3,80%","5,06","5,1",16:25,,,,,"1,15",106,"1 111,84"
SALMON,Salmones Camanchaca,"49,9","−2,16%",47,50,15:53,,,,,"0,21",23,"3 293,40"
SADG,Sandnes Sparebank,"65,8","−3,24%","65,6","65,8",16:17,,,,,"1,1",46,"1 376,19"
SAS NOK,SAS AB,"2,1","−6,16%","2,1","2,14",16:25,,,,,"0,93",124,"8 041,89"
SATS,SATS,"15,82","−7,81%","15,82","15,9",16:25,,,,,"9,79",636,"2 704,22"
SBANK,Sbanken,"60,6","−3,81%","60,6","61,5",16:25,,,,,"11,06",484,"6 476,28"
SCANA,Scana,"2,62","0,77%","2,62","2,64",16:25,,,,,"6,34",386,"281,66"
SSO,Scatec Solar,"197,6","−3,80%","197,5","197,7",16:25,,,,,"188,92",4493,"29 926,81"
SCHA,Schibsted ser. A,"388,5","−2,58%","388,5","388,8",16:25,,,,,"128,9",5000,"40 582,69"
SCHB,Schibsted ser. B,"341,2","−1,39%",341,"341,2",16:25,,,,,"65,45",2117,"44 137,60"
SBX,SeaBird Exploration,"3,39","−1,17%","3,33","3,39",16:25,,,,,"0,11",26,"91,35"
SDRL,Seadrill,"2,16","0,56%","2,16","2,16",16:25,,,,,"0,58",74,"216,37"
SSG,Self Storage Group,"21,7","−1,36%","21,7","21,8",16:25,,,,,"1,9",36,"1 829,93"
SBO,Selvaag Bolig,"45,85","−1,40%","45,65","45,85",16:25,,,,,"4,05",496,"4 269,61"
SHLF,Shelf Drilling,"1,71","0,00%","1,65","1,71",16:25,,,,,"0,68",71,"232,87"
SIOFF,Siem Offshore,"0,72","−0,69%","0,68","0,72",14:01,,,,,0,6,"673,01"
SIKRI-ME,Sikri Holding,"94,5","−3,06%","90,02","93,5",12:06,,,,,"0,05",5,"1 398,96"
SKUE,Skue Sparebank,143,"−1,38%",142,144,14:18,,,,,"0,06",6,"296,48"
SOFTOX-ME,SoftOx Solutions,"59,5","−0,83%",59,"59,5",16:19,,,,,"3,33",155,"465,88"
SOGN,Sogn Sparebank,98,-,98,100,14:45,,,,,"0,04",3,"61,99"
SOLON,Solon Eiendom,31,"−1,90%",31,"32,3",16:25,,,,,"1,29",54,"2 274,25"
SOFF,Solstad Offshore,"3,54","−15,63%","3,54","3,6",16:25,,,,,"5,69",464,"257,64"
SBVG,SpareBank 1 BV,"34,1","−2,85%",34,"34,3",16:25,,,,,"0,96",47,"2 147,62"
NONG,SpareBank 1 Nord-Norge,"60,9","−2,87%","60,8","60,9",16:25,,,,,"8,02",457,"6 112,12"
SNOR,SpareBank 1 Nordvest,108,"0,00%",108,110,15:10,,,,,"0,08",3,"240,9"
RING,SpareBank 1 Ringerike Hadeland,228,-,224,226,27 okt.,,,,,0,0,"3 568,29"
MING,SpareBank 1 SMN,"78,3","−2,97%","78,3","78,5",16:25,,,,,"11,79",695,"10 166,14"
SRBANK,SpareBank 1 SR-Bank,"74,3","−2,94%","74,25","74,3",16:25,,,,,"24,72",1194,"19 000,71"
SOAG,SpareBank 1 Østfold Akershus,230,"−1,71%",228,230,16:03,,,,,"0,36",6,"2 848,34"
SPOL,SpareBank 1 Østlandet,"82,9","0,24%","82,5","82,9",16:25,,,,,"2,57",105,"9 602,29"
MORG,Sparebanken Møre,286,"0,35%",285,286,16:10,,,,,"0,65",26,"2 821,35"
SOR,Sparebanken Sør,106,"1,44%",106,107,16:25,,,,,"0,69",29,"1 655,68"
SBTE,Sparebanken Telemark,121,"0,00%",120,121,16:14,,,,,"0,24",9,"1 318,73"
SVEG,Sparebanken Vest,"60,1","−3,06%","60,1","60,8",16:25,,,,,"1,6",205,"6 448,43"
SPOG,Sparebanken Øst,"47,4","4,41%","47,3","47,4",16:25,,,,,"6,5",158,"982,66"
SNI,Stolt-Nielsen,86,"−3,04%",86,"86,4",16:25,,,,,"5,8",126,"4 603,05"
STB,Storebrand,"49,55","−4,75%","49,54","49,55",16:25,,,,,"145,26",4773,"23 159,56"
STORM,Storm Real Estate,"4,62",-,"4,36","4,6",27 okt.,,,,,0,0,"40,82"
STRONG,StrongPoint,"17,15","−4,46%","17,15","17,2",16:25,,,,,"2,01",144,"759,5"
SUBC,Subsea 7,"61,8","−6,82%","61,8","62,1",16:25,,,,,"74,97",2866,"18 373,32"
SUNSB-ME,Sunndal Sparebank,117,"0,86%",117,118,16:03,,,,,"0,08",5,"158,2"
SUSB-ME,Surnadal Sparebank,106,-,105,108,14:15,,,,,"0,01",2,"212,99"
TRVX,Targovax,"5,97","−5,98%","5,9",6,16:25,,,,,"2,49",228,"516,53"
TECH,Techstep,"4,94","−10,18%","4,94","5,1",16:25,,,,,"1,26",134,"901,74"
TECO-ME,TECO 2030,21,"−8,30%","20,51",21,16:25,,,,,"0,43",48,252
TEL,Telenor,"146,9","−3,07%","146,85","146,9",16:25,,,,,"265,7",3849,"205 580,39"
TGS,TGS-NOPEC Geophysical Company,"89,3","−3,04%","89,28","89,3",16:25,,,,,"54,37",2995,"10 468,50"
THIN,Thin Film Electronics,"0,31","−8,46%","0,3","0,31",16:25,,,,,"1,44",371,"241,4"
TIETOO,TietoEVRY,243,"−2,10%","242,8",243,16:25,,,,,"5,08",153,"28 773,37"
TOM,Tomra Systems,"374,6","−0,27%","374,5","374,6",16:25,,,,,"91,32",2939,"55 298,41"
TOTG,Totens Sparebank,129,"0,00%",129,130,16:17,,,,,"0,32",8,"790,06"
TRE,Treasure,"15,3","−3,47%","15,4","15,5",16:10,,,,,"0,11",9,"3 271,68"
TYSB-ME,Tysnes Sparebank,113,-,107,113,27 okt.,,,,,0,0,"171,43"
ULTIMO,Ultimovacs,49,"−7,89%",48,49,16:25,,,,,"4,45",315,"1 566,70"
VACC-ME,Vaccibody,48,"−5,33%",48,49,16:25,,,,,"11,53",387,"13 614,13"
VEI,Veidekke,"106,4","−3,62%","106,4","106,6",16:25,,,,,"8,15",463,"14 359,35"
VISTIN,Vistin Pharma,"16,2","−3,57%","16,2","16,6",16:25,,,,,"1,25",69,"718,38"
VOLUE-ME,Volue,"26,5","−3,28%","26,5",27,16:25,,,,,"2,83",232,"3 726,56"
VVL,Voss Veksel- og Landmandsbank,152,-,150,154,10:51,,,,,"0,02",4,"334,96"
VOW,Vow,"25,4","−6,62%","25,4","25,5",16:25,,,,,"18,36",1089,"2 775,20"
WALWIL,Wallenius Wilhelmsen,"17,32","−0,80%","17,2","17,36",16:25,,,,,"10,24",855,"7 314,32"
WSTEP,Webstep,21,"−4,55%",21,"21,6",16:25,,,,,"0,27",29,"560,14"
WWI,Wilh. Wilhelmsen Holding ser. A,135,"−4,26%","134,5",135,16:25,,,,,"1,89",88,"4 590,00"
WWIB,Wilh. Wilhelmsen Holding ser. B,129,"−6,86%",131,"136,5",16:12,,,,,"0,34",25,"1 364,82"
WILS,Wilson,20,"0,00%","19,1",20,09:37,,,,,"0,01",3,"877,2"
XXL,XXL,"21,16","−10,03%","21,14","21,22",16:25,,,,,"100,24",4201,"5 341,56"
YAR,Yara International,330,"−0,87%","329,9",330,16:25,,,,,"261,42",4931,"87 666,89"
ZAL,Zalaris,"38,8","−7,62%","38,6","38,8",16:25,,,,,"1,86",92,"761,29"
ZAP-ME,Zaptec,"12,5","−7,39%","12,25","12,5",16:25,,,,,"4,05",401,"929,26"
ZENA-ME,Zenith Energy,"0,04",-,-,-,06 okt.,,,,,0,0,"41,27"
ZWIPE-ME,Zwipe,"18,5","−10,19%","18,5","18,7",16:25,,,,,"1,2",91,"590,27"